{
    "$schema": "https://schema.management.azure.com/schemas/2015-01-01/deploymentParameters.json#",
    "contentVersion": "1.0.0.0",
    "parameters": {
        "managedInstanceName": {
            "value": "sqlmi-wus-ap-nonrev-qa"
        },
        "routeName": {
            "value": "route-snet-wus-ap-nonrev-qa-sqlmi"
        },
        "nsgName": {
            "value": "nsg-snet-wus-ap-nonrev-qa-sqlmi"
        },
        "location": {
            "value": "westus"
        },
        "administratorLogin": {
            "value": "mladmin"
        },
        "administratorLoginPassword": {
            "value": null
        },
        "virtualNetworkResourceGroupName": {
            "value": "rg-wus-share-nonrev"
        },
        "virtualNetworkName": {
            "value": "vnet-wus-share-nonrev"
        },
        "subnetName": {
            "value": "snet-wus-ap-nonrev-qa-sqlmi"
        },
        "createNSG": {
            "value": true
        },
        "createRT": {
            "value": true
        },
        "removedNSG": {
            "value": false
        },
        "skuName": {
            "value": "GP_Gen5"
        },
        "skuEdition": {
            "value": "GeneralPurpose"
        },
        "storageSizeInGB": {
            "value": 64
        },
        "vCores": {
            "value": 4
        },
        "licenseType": {
            "value": "BasePrice"
        },
        "hardwareFamily": {
            "value": "Gen5"
        },
        "dnsZonePartner": {
            "value": ""
        },
        "timezoneId": {
            "value": "UTC"
        },
        "collation": {
            "value": "SQL_Latin1_General_CP1_CI_AS"
        },
        "proxyOverride": {
            "value": "Proxy"
        },
        "publicDataEndpointEnabled": {
            "value": false
        },
        "nsgForPublicEndpoint": {
            "value": "allowFromAzureCloudTo3342NSG"
        }
    }
}