{
   "$schema": "https://schema.management.azure.com/schemas/2019-04-01/deploymentTemplate.json#",
   "contentVersion": "1.0.0.0",
   "parameters": {
      "workflows_keep_alive": {
         "type": "String"
      },
      "workflows_database": {
         "type": "String"
      },
      "location": {
         "type": "String"
      },
      "integrationServiceEnvironmentId": {
         "type": "String"
      },
      "logicAppApiVersion": {
         "type": "String"
      },
      "integrationServiceEnvironmentName": {
         "type": "String"
      },
      "workflow_database_uri": {
         "type": "String"
      },
      "workflow_keepalive_uri": {
         "type": "String"
      }
   },
   "variables": {
      "logicAppResourceName": "AppLogicARM"
   },
   "resources": [
      {
         "type": "Microsoft.Logic/workflows",
         "apiVersion": "[parameters('logicAppApiVersion')]",
         "name": "[parameters('workflows_keep_alive')]",
         "location": "[parameters('location')]",
         "tags": {
            "displayName": "LogicApp"
         },
         "properties": {
            "state": "Enabled",
            "integrationServiceEnvironment": {
               "id": "[parameters('integrationServiceEnvironmentId')]",
               "name": "[parameters('integrationServiceEnvironmentName')]",
               "type": "Microsoft.Logic/integrationServiceEnvironments"
            },
            "definition": {
               "$schema": "https://schema.management.azure.com/providers/Microsoft.Logic/schemas/2016-06-01/workflowdefinition.json#",
               "actions": {
                  "Condition": {
                     "actions": {
                        "Terminate_2": {
                           "inputs": {
                              "runStatus": "Succeeded"
                           },
                           "runAfter": {},
                           "type": "Terminate"
                        }
                     },
                     "else": {
                        "actions": {
                           "Terminate": {
                              "inputs": {
                                 "runError": {
                                    "code": "@{outputs('http')['statusCode']}",
                                    "message": "@{body('http')}"
                                 },
                                 "runStatus": "Failed"
                              },
                              "runAfter": {},
                              "type": "Terminate"
                           }
                        }
                     },
                     "expression": {
                        "and": [
                           {
                              "equals": [
                                 "@outputs('http')['statusCode']",
                                 504
                              ]
                           }
                        ]
                     },
                     "runAfter": {
                        "http": [
                           "TimedOut",
                           "Failed",
                           "Skipped"
                        ]
                     },
                     "type": "If"
                  },
                  "http": {
                     "inputs": {
                        "method": "GET",
                        "retryPolicy": {
                           "type": "none"
                        },                        
                        "uri": "[parameters('workflow_keepalive_uri')]"
                     },
                     "limit": {
                        "timeout": "PT1M"
                     },
                     "runAfter": {},
                     "type": "Http"
                  }
               },
               "contentVersion": "1.0.0.0",
               "outputs": {},
               "parameters": {},
               "triggers": {
                  "recurrence": {
                     "recurrence": {
                        "frequency": "Day",
                        "interval": 1,
                        "startTime": "2021-07-08T03:00:00",
                        "timeZone": "Pacific Standard Time"
                     },
                     "type": "Recurrence"
                  }
               }
            },
            "parameters": {}
         }
      },
      {
         "type": "Microsoft.Logic/workflows",
         "apiVersion": "[parameters('logicAppApiVersion')]",
         "name": "[parameters('workflows_database')]",
         "location": "[parameters('location')]",
         "tags": {
            "displayName": "LogicApp"
         },
         "properties": {
            "state": "Enabled",
            "integrationServiceEnvironment": {
               "id": "[parameters('integrationServiceEnvironmentId')]",
               "name": "[parameters('integrationServiceEnvironmentName')]",
               "type": "Microsoft.Logic/integrationServiceEnvironments"
            },
            "definition": {
               "$schema": "https://schema.management.azure.com/providers/Microsoft.Logic/schemas/2016-06-01/workflowdefinition.json#",
               "contentVersion": "1.0.0.0",
               "parameters": {},
               "triggers": {
                  "recurrence": {
                     "type": "recurrence",
                     "recurrence": {
                        "frequency": "Day",
                        "interval": 1,
                        "startTime": "2021-07-08T03:00:00",
                        "timeZone": "Pacific Standard Time"
                     }
                  }
               },
               "actions": {
                  "http": {
                     "type": "Http",
                     "inputs": {
                        "method": "GET",
                        "uri": "[parameters('workflow_database_uri')]"
                     }
                  }
               },
               "outputs": {}
            },
            "parameters": {}
         }
      }
   ]
}